close,date,drawdown_60,rsi14,type,volume_ratio20
100000.0,20200919,,100.0,RSI_OVERBOUGHT,
100000.0,20200920,,100.0,RSI_OVERBOUGHT,
100000.0,20200921,,100.0,RSI_OVERBOUGHT,
100000.0,20200922,,100.0,RSI_OVERBOUGHT,
100000.0,20200923,,100.0,RSI_OVERBOUGHT,
100000.0,20200926,,100.0,RSI_OVERBOUGHT,
100000.0,20200927,,100.0,RSI_OVERBOUGHT,
100000.0,20200928,,100.0,RSI_OVERBOUGHT,
100000.0,20200929,,100.0,RSI_OVERBOUGHT,
100000.0,20200930,,100.0,RSI_OVERBOUGHT,
100000.0,20201003,,100.0,RSI_OVERBOUGHT,
100000.0,20201004,,100.0,RSI_OVERBOUGHT,
100000.0,20201005,,100.0,RSI_OVERBOUGHT,
100000.0,20201006,,100.0,RSI_OVERBOUGHT,
100000.0,20201007,,100.0,RSI_OVERBOUGHT,
100000.0,20201010,,100.0,RSI_OVERBOUGHT,
100000.0,20201011,,100.0,RSI_OVERBOUGHT,
100000.0,20201012,,100.0,RSI_OVERBOUGHT,
100000.0,20201013,,100.0,RSI_OVERBOUGHT,
100000.0,20201014,,100.0,RSI_OVERBOUGHT,
100000.0,20201018,,100.0,RSI_OVERBOUGHT,
100000.0,20201019,,100.0,RSI_OVERBOUGHT,
100000.0,20201020,,100.0,RSI_OVERBOUGHT,
100000.0,20201021,,100.0,RSI_OVERBOUGHT,
100000.0,20201024,,100.0,RSI_OVERBOUGHT,
100000.0,20201026,,100.0,RSI_OVERBOUGHT,
100000.0,20201027,,100.0,RSI_OVERBOUGHT,
100000.0,20201028,,100.0,RSI_OVERBOUGHT,
100000.0,20201031,,100.0,RSI_OVERBOUGHT,
100000.0,20201101,,100.0,RSI_OVERBOUGHT,
100000.0,20201102,,100.0,RSI_OVERBOUGHT,
100000.0,20201104,,100.0,RSI_OVERBOUGHT,
100000.0,20201107,,100.0,RSI_OVERBOUGHT,
100000.0,20201108,,100.0,RSI_OVERBOUGHT,
100000.0,20201109,,100.0,RSI_OVERBOUGHT,
100000.0,20201110,,100.0,RSI_OVERBOUGHT,
100000.0,20201111,,100.0,RSI_OVERBOUGHT,
100000.0,20201114,,100.0,RSI_OVERBOUGHT,
100000.0,20201115,,100.0,RSI_OVERBOUGHT,
100000.0,20201116,,100.0,RSI_OVERBOUGHT,
100000.0,20201117,,100.0,RSI_OVERBOUGHT,
100000.0,20201118,,100.0,RSI_OVERBOUGHT,
100000.0,20201121,,100.0,RSI_OVERBOUGHT,
100000.0,20201122,,100.0,RSI_OVERBOUGHT,
100000.0,20201123,,100.0,RSI_OVERBOUGHT,
100000.0,20201124,,100.0,RSI_OVERBOUGHT,
100000.0,20201125,,100.0,RSI_OVERBOUGHT,
100000.0,20201128,,100.0,RSI_OVERBOUGHT,
100000.0,20201129,,100.0,RSI_OVERBOUGHT,
100000.0,20201130,,100.0,RSI_OVERBOUGHT,
113740.0,20201201,,,GOLDEN_CROSS,
113740.0,20201201,,100.0,RSI_OVERBOUGHT,
113740.0,20201201,,,VOLUME_SPIKE_2X,20.0
113740.0,20201201,,,BREAKOUT_UP_20D,
106170.0,20201202,,,VOLUME_SPIKE_2X,13.7
105990.0,20201205,,,VOLUME_SPIKE_2X,7.01
108270.0,20201206,,,VOLUME_SPIKE_2X,5.35
104470.0,20201207,,,VOLUME_SPIKE_2X,4.0
101150.0,20201208,,,VOLUME_SPIKE_2X,2.39
100260.0,20201209,,,VOLUME_SPIKE_2X,2.04
100140.0,20201212,,,VOLUME_SPIKE_2X,2.29
104170.0,20201213,,,VOLUME_SPIKE_2X,3.17
96980.0,20201215,,,BREAKOUT_DOWN_20D,
94750.0,20201216,,,BREAKOUT_DOWN_20D,
94750.0,20201216,-0.167,,DRAWDOWN_15PCT_60D,
94760.0,20201219,-0.1669,,DRAWDOWN_15PCT_60D,
91210.0,20201220,,,BREAKOUT_DOWN_20D,
91210.0,20201220,-0.1981,,DRAWDOWN_15PCT_60D,
89510.0,20201221,,,BREAKOUT_DOWN_20D,
89510.0,20201221,-0.213,,DRAWDOWN_15PCT_60D,
89090.0,20201222,,,BREAKOUT_DOWN_20D,
89090.0,20201222,-0.2167,,DRAWDOWN_15PCT_60D,
88620.0,20201223,,,DEATH_CROSS,
88620.0,20201223,,29.77,RSI_OVERSOLD,
88620.0,20201223,,,BREAKOUT_DOWN_20D,
88620.0,20201223,-0.2209,,DRAWDOWN_15PCT_60D,
83280.0,20201226,,24.11,RSI_OVERSOLD,
83280.0,20201226,,,BREAKOUT_DOWN_20D,
83280.0,20201226,-0.2678,,DRAWDOWN_15PCT_60D,
82190.0,20201227,,23.15,RSI_OVERSOLD,
82190.0,20201227,,,BREAKOUT_DOWN_20D,
82190.0,20201227,-0.2774,,DRAWDOWN_15PCT_60D,
87120.0,20201228,-0.234,,DRAWDOWN_15PCT_60D,
83710.0,20201229,-0.264,,DRAWDOWN_15PCT_60D,
81080.0,20201230,,29.2,RSI_OVERSOLD,
81080.0,20201230,,,BREAKOUT_DOWN_20D,
81080.0,20201230,-0.2871,,DRAWDOWN_15PCT_60D,
76110.0,20210102,,24.99,RSI_OVERSOLD,
76110.0,20210102,,,BREAKOUT_DOWN_20D,
76110.0,20210102,-0.3308,,DRAWDOWN_15PCT_60D,
75560.0,20210103,,24.57,RSI_OVERSOLD,
75560.0,20210103,,,BREAKOUT_DOWN_20D,
75560.0,20210103,-0.3357,,DRAWDOWN_15PCT_60D,
77000.0,20210104,,28.0,RSI_OVERSOLD,
77000.0,20210104,-0.323,,DRAWDOWN_15PCT_60D,
73420.0,20210105,,24.96,RSI_OVERSOLD,
73420.0,20210105,,,BREAKOUT_DOWN_20D,
73420.0,20210105,-0.3545,,DRAWDOWN_15PCT_60D,
68960.0,20210106,,21.79,RSI_OVERSOLD,
68960.0,20210106,,,BREAKOUT_DOWN_20D,
68960.0,20210106,-0.3937,,DRAWDOWN_15PCT_60D,
66810.0,20210109,,20.45,RSI_OVERSOLD,
66810.0,20210109,,,BREAKOUT_DOWN_20D,
66810.0,20210109,-0.4126,,DRAWDOWN_15PCT_60D,
69590.0,20210110,,26.75,RSI_OVERSOLD,
69590.0,20210110,-0.3882,,DRAWDOWN_15PCT_60D,
68630.0,20210111,,25.99,RSI_OVERSOLD,
68630.0,20210111,-0.3966,,DRAWDOWN_15PCT_60D,
63370.0,20210112,,22.23,RSI_OVERSOLD,
63370.0,20210112,,,BREAKOUT_DOWN_20D,
63370.0,20210112,-0.4429,,DRAWDOWN_15PCT_60D,
60730.0,20210113,,20.62,RSI_OVERSOLD,
60730.0,20210113,,,BREAKOUT_DOWN_20D,
60730.0,20210113,-0.4661,,DRAWDOWN_15PCT_60D,
56460.0,20210116,,18.31,RSI_OVERSOLD,
56460.0,20210116,,,BREAKOUT_DOWN_20D,
56460.0,20210116,-0.5036,,DRAWDOWN_15PCT_60D,
52750.0,20210118,,16.57,RSI_OVERSOLD,
52750.0,20210118,,,BREAKOUT_DOWN_20D,
52750.0,20210118,-0.5362,,DRAWDOWN_15PCT_60D,
55970.0,20210119,,23.37,RSI_OVERSOLD,
55970.0,20210119,-0.5079,,DRAWDOWN_15PCT_60D,
61560.0,20210120,-0.4588,,DRAWDOWN_15PCT_60D,
67710.0,20210123,-0.4047,,DRAWDOWN_15PCT_60D,
74360.0,20210124,,,VOLUME_SPIKE_2X,2.66
74360.0,20210124,-0.3462,,DRAWDOWN_15PCT_60D,
79870.0,20210125,-0.2978,,DRAWDOWN_15PCT_60D,
86860.0,20210126,,,VOLUME_SPIKE_2X,4.21
86860.0,20210126,-0.2363,,DRAWDOWN_15PCT_60D,
90910.0,20210127,,,VOLUME_SPIKE_2X,3.8
90910.0,20210127,,,BREAKOUT_UP_20D,
90910.0,20210127,-0.2007,,DRAWDOWN_15PCT_60D,
97750.0,20210130,,,VOLUME_SPIKE_2X,2.24
97750.0,20210130,,,BREAKOUT_UP_20D,
96370.0,20210131,,,VOLUME_SPIKE_2X,3.77
96370.0,20210131,-0.1527,,DRAWDOWN_15PCT_60D,
90550.0,20210201,,,VOLUME_SPIKE_2X,2.19
90550.0,20210201,-0.2039,,DRAWDOWN_15PCT_60D,
82860.0,20210202,,,VOLUME_SPIKE_2X,2.06
82860.0,20210202,-0.2715,,DRAWDOWN_15PCT_60D,
79650.0,20210203,-0.2997,,DRAWDOWN_15PCT_60D,
73060.0,20210206,-0.3577,,DRAWDOWN_15PCT_60D,
80100.0,20210207,-0.2958,,DRAWDOWN_15PCT_60D,
87280.0,20210208,,,VOLUME_SPIKE_2X,2.14
87280.0,20210208,-0.2326,,DRAWDOWN_15PCT_60D,
93530.0,20210209,-0.1777,,DRAWDOWN_15PCT_60D,
100780.0,20210213,,,BREAKOUT_UP_20D,
96050.0,20210215,-0.1555,,DRAWDOWN_15PCT_60D,
92210.0,20210216,,,GOLDEN_CROSS,
92210.0,20210216,-0.1893,,DRAWDOWN_15PCT_60D,
90410.0,20210217,-0.2051,,DRAWDOWN_15PCT_60D,
87270.0,20210220,-0.2327,,DRAWDOWN_15PCT_60D,
83780.0,20210221,-0.2634,,DRAWDOWN_15PCT_60D,
80430.0,20210222,-0.2929,,DRAWDOWN_15PCT_60D,
82830.0,20210223,-0.2718,,DRAWDOWN_15PCT_60D,
84590.0,20210224,-0.2563,,DRAWDOWN_15PCT_60D,
81990.0,20210227,-0.2427,,DRAWDOWN_15PCT_60D,
79190.0,20210228,-0.2686,,DRAWDOWN_15PCT_60D,
82020.0,20210301,-0.2424,,DRAWDOWN_15PCT_60D,
85500.0,20210302,-0.1816,,DRAWDOWN_15PCT_60D,
82980.0,20210303,-0.2034,,DRAWDOWN_15PCT_60D,
80420.0,20210306,-0.228,,DRAWDOWN_15PCT_60D,
83910.0,20210307,-0.1945,,DRAWDOWN_15PCT_60D,
88120.0,20210308,-0.1541,,DRAWDOWN_15PCT_60D,
85620.0,20210310,-0.1504,,DRAWDOWN_15PCT_60D,
84910.0,20210314,-0.1575,,DRAWDOWN_15PCT_60D,
84380.0,20210315,-0.1627,,DRAWDOWN_15PCT_60D,
83520.0,20210327,-0.1713,,DRAWDOWN_15PCT_60D,
81440.0,20210328,-0.1919,,DRAWDOWN_15PCT_60D,
81570.0,20210330,-0.1906,,DRAWDOWN_15PCT_60D,
80340.0,20210331,-0.2028,,DRAWDOWN_15PCT_60D,
77600.0,20210403,,,BREAKOUT_DOWN_20D,
77600.0,20210403,-0.23,,DRAWDOWN_15PCT_60D,
74630.0,20210404,,,BREAKOUT_DOWN_20D,
74630.0,20210404,-0.2595,,DRAWDOWN_15PCT_60D,
75260.0,20210405,-0.2532,,DRAWDOWN_15PCT_60D,
76520.0,20210406,,,DEATH_CROSS,
76520.0,20210406,-0.2407,,DRAWDOWN_15PCT_60D,
73800.0,20210407,,,BREAKOUT_DOWN_20D,
73800.0,20210407,-0.2677,,DRAWDOWN_15PCT_60D,
71090.0,20210410,,,BREAKOUT_DOWN_20D,
71090.0,20210410,-0.2946,,DRAWDOWN_15PCT_60D,
70550.0,20210411,,,BREAKOUT_DOWN_20D,
70550.0,20210411,-0.3,,DRAWDOWN_15PCT_60D,
71940.0,20210412,-0.2862,,DRAWDOWN_15PCT_60D,
75840.0,20210413,-0.2475,,DRAWDOWN_15PCT_60D,
74550.0,20210414,-0.2603,,DRAWDOWN_15PCT_60D,
71730.0,20210417,-0.2883,,DRAWDOWN_15PCT_60D,
69090.0,20210418,,,BREAKOUT_DOWN_20D,
69090.0,20210418,-0.3144,,DRAWDOWN_15PCT_60D,
71120.0,20210419,-0.2943,,DRAWDOWN_15PCT_60D,
72460.0,20210420,-0.281,,DRAWDOWN_15PCT_60D,
70310.0,20210421,-0.3023,,DRAWDOWN_15PCT_60D,
69530.0,20210424,-0.3101,,DRAWDOWN_15PCT_60D,
67910.0,20210425,,,BREAKOUT_DOWN_20D,
67910.0,20210425,-0.3262,,DRAWDOWN_15PCT_60D,
69470.0,20210426,-0.3107,,DRAWDOWN_15PCT_60D,
72700.0,20210427,,,VOLUME_SPIKE_2X,2.13
72700.0,20210427,-0.2786,,DRAWDOWN_15PCT_60D,
73760.0,20210428,-0.2681,,DRAWDOWN_15PCT_60D,
73010.0,20210501,-0.2756,,DRAWDOWN_15PCT_60D,
70200.0,20210502,-0.3034,,DRAWDOWN_15PCT_60D,
68810.0,20210503,-0.3172,,DRAWDOWN_15PCT_60D,
70840.0,20210505,-0.2971,,DRAWDOWN_15PCT_60D,
69470.0,20210508,-0.3107,,DRAWDOWN_15PCT_60D,
67220.0,20210509,,,BREAKOUT_DOWN_20D,
67220.0,20210509,-0.333,,DRAWDOWN_15PCT_60D,
69100.0,20210510,-0.3143,,DRAWDOWN_15PCT_60D,
72750.0,20210511,-0.2781,,DRAWDOWN_15PCT_60D,
72610.0,20210512,,,VOLUME_SPIKE_2X,2.09
72610.0,20210512,-0.2795,,DRAWDOWN_15PCT_60D,
73050.0,20210515,,,VOLUME_SPIKE_2X,2.12
73050.0,20210515,-0.2752,,DRAWDOWN_15PCT_60D,
72240.0,20210516,-0.2832,,DRAWDOWN_15PCT_60D,
70300.0,20210517,-0.2925,,DRAWDOWN_15PCT_60D,
70540.0,20210518,-0.2656,,DRAWDOWN_15PCT_60D,
69160.0,20210519,-0.25,,DRAWDOWN_15PCT_60D,
65930.0,20210522,,,BREAKOUT_DOWN_20D,
65930.0,20210522,-0.2708,,DRAWDOWN_15PCT_60D,
64000.0,20210523,,,BREAKOUT_DOWN_20D,
64000.0,20210523,-0.2807,,DRAWDOWN_15PCT_60D,
65270.0,20210524,-0.2665,,DRAWDOWN_15PCT_60D,
67360.0,20210525,-0.243,,DRAWDOWN_15PCT_60D,
66700.0,20210526,-0.2504,,DRAWDOWN_15PCT_60D,
70970.0,20210529,-0.2024,,DRAWDOWN_15PCT_60D,
74810.0,20210530,,,VOLUME_SPIKE_2X,2.42
74810.0,20210530,,,BREAKOUT_UP_20D,
74810.0,20210530,-0.1592,,DRAWDOWN_15PCT_60D,
73070.0,20210531,,,VOLUME_SPIKE_2X,2.1
73070.0,20210531,-0.1788,,DRAWDOWN_15PCT_60D,
72350.0,20210601,-0.1869,,DRAWDOWN_15PCT_60D,
73720.0,20210602,-0.1715,,DRAWDOWN_15PCT_60D,
74400.0,20210607,-0.1639,,DRAWDOWN_15PCT_60D,
73910.0,20210608,-0.1694,,DRAWDOWN_15PCT_60D,
71990.0,20210609,-0.1909,,DRAWDOWN_15PCT_60D,
72340.0,20210612,-0.187,,DRAWDOWN_15PCT_60D,
72230.0,20210613,-0.1882,,DRAWDOWN_15PCT_60D,
73550.0,20210614,-0.1528,,DRAWDOWN_15PCT_60D,
72820.0,20210615,-0.1613,,DRAWDOWN_15PCT_60D,
72320.0,20210616,-0.1626,,DRAWDOWN_15PCT_60D,
72890.0,20210619,-0.156,,DRAWDOWN_15PCT_60D,
71840.0,20210620,-0.1681,,DRAWDOWN_15PCT_60D,
71120.0,20210621,,,GOLDEN_CROSS,
71120.0,20210621,-0.1705,,DRAWDOWN_15PCT_60D,
70400.0,20210703,,,BREAKOUT_DOWN_20D,
69290.0,20210704,,,BREAKOUT_DOWN_20D,
69180.0,20210710,,,BREAKOUT_DOWN_20D,
73880.0,20210717,,,VOLUME_SPIKE_2X,2.23
73880.0,20210717,,,BREAKOUT_UP_20D,
71290.0,20210726,,,DEATH_CROSS,
72520.0,20210811,,,VOLUME_SPIKE_2X,2.75
75110.0,20210815,,,VOLUME_SPIKE_2X,2.9
75110.0,20210815,,,BREAKOUT_UP_20D,
81010.0,20210822,,78.89,RSI_OVERBOUGHT,
81010.0,20210822,,,VOLUME_SPIKE_2X,2.6
81010.0,20210822,,,BREAKOUT_UP_20D,
83820.0,20210823,,,GOLDEN_CROSS,
83820.0,20210823,,82.1,RSI_OVERBOUGHT,
83820.0,20210823,,,VOLUME_SPIKE_2X,2.33
83820.0,20210823,,,BREAKOUT_UP_20D,
86870.0,20210824,,84.79,RSI_OVERBOUGHT,
86870.0,20210824,,,BREAKOUT_UP_20D,
87390.0,20210825,,85.2,RSI_OVERBOUGHT,
87390.0,20210825,,,VOLUME_SPIKE_2X,2.03
87390.0,20210825,,,BREAKOUT_UP_20D,
92480.0,20210828,,88.47,RSI_OVERBOUGHT,
92480.0,20210828,,,VOLUME_SPIKE_2X,2.1
92480.0,20210828,,,BREAKOUT_UP_20D,
93890.0,20210829,,89.19,RSI_OVERBOUGHT,
93890.0,20210829,,,VOLUME_SPIKE_2X,3.19
93890.0,20210829,,,BREAKOUT_UP_20D,
87640.0,20210830,,,VOLUME_SPIKE_2X,2.11
85290.0,20210831,,,VOLUME_SPIKE_2X,2.55
79130.0,20210912,-0.1572,,DRAWDOWN_15PCT_60D,
78000.0,20210913,-0.1692,,DRAWDOWN_15PCT_60D,
79780.0,20210915,-0.1503,,DRAWDOWN_15PCT_60D,
76680.0,20210918,-0.1833,,DRAWDOWN_15PCT_60D,
75600.0,20210919,,,BREAKOUT_DOWN_20D,
75600.0,20210919,-0.1948,,DRAWDOWN_15PCT_60D,
76750.0,20210920,-0.1826,,DRAWDOWN_15PCT_60D,
74010.0,20210921,,,BREAKOUT_DOWN_20D,
74010.0,20210921,-0.2117,,DRAWDOWN_15PCT_60D,
75340.0,20210922,-0.1976,,DRAWDOWN_15PCT_60D,
78890.0,20210926,-0.1598,,DRAWDOWN_15PCT_60D,
79260.0,20210929,-0.1558,,DRAWDOWN_15PCT_60D,
78030.0,20211009,-0.1689,,DRAWDOWN_15PCT_60D,
77490.0,20211010,-0.1747,,DRAWDOWN_15PCT_60D,
77190.0,20211011,,,DEATH_CROSS,
77190.0,20211011,-0.1779,,DRAWDOWN_15PCT_60D,
73500.0,20211012,,,BREAKOUT_DOWN_20D,
73500.0,20211012,-0.2172,,DRAWDOWN_15PCT_60D,
71140.0,20211013,,,BREAKOUT_DOWN_20D,
71140.0,20211013,-0.2423,,DRAWDOWN_15PCT_60D,
74330.0,20211016,-0.2083,,DRAWDOWN_15PCT_60D,
72480.0,20211017,-0.228,,DRAWDOWN_15PCT_60D,
72090.0,20211018,-0.2322,,DRAWDOWN_15PCT_60D,
72810.0,20211019,-0.2245,,DRAWDOWN_15PCT_60D,
71180.0,20211020,-0.2419,,DRAWDOWN_15PCT_60D,
68500.0,20211023,,,BREAKOUT_DOWN_20D,
68500.0,20211023,-0.2704,,DRAWDOWN_15PCT_60D,
68090.0,20211025,,,BREAKOUT_DOWN_20D,
68090.0,20211025,-0.2748,,DRAWDOWN_15PCT_60D,
68660.0,20211026,-0.2687,,DRAWDOWN_15PCT_60D,
69460.0,20211027,-0.2602,,DRAWDOWN_15PCT_60D,
68010.0,20211030,,,BREAKOUT_DOWN_20D,
68010.0,20211030,-0.2756,,DRAWDOWN_15PCT_60D,
65030.0,20211031,,,BREAKOUT_DOWN_20D,
65030.0,20211031,-0.3074,,DRAWDOWN_15PCT_60D,
69460.0,20211101,-0.2602,,DRAWDOWN_15PCT_60D,
72060.0,20211102,-0.2325,,DRAWDOWN_15PCT_60D,
72820.0,20211103,,,VOLUME_SPIKE_2X,2.03
72820.0,20211103,-0.2244,,DRAWDOWN_15PCT_60D,
77500.0,20211106,,,VOLUME_SPIKE_2X,2.81
77500.0,20211106,-0.1746,,DRAWDOWN_15PCT_60D,
75760.0,20211107,-0.1931,,DRAWDOWN_15PCT_60D,
74520.0,20211108,-0.2063,,DRAWDOWN_15PCT_60D,
78040.0,20211109,,,VOLUME_SPIKE_2X,2.51
78040.0,20211109,,,BREAKOUT_UP_20D,
78040.0,20211109,-0.1688,,DRAWDOWN_15PCT_60D,
77780.0,20211110,-0.1716,,DRAWDOWN_15PCT_60D,
74310.0,20211113,-0.2085,,DRAWDOWN_15PCT_60D,
74590.0,20211114,-0.2056,,DRAWDOWN_15PCT_60D,
71880.0,20211115,-0.2344,,DRAWDOWN_15PCT_60D,
71910.0,20211116,-0.2341,,DRAWDOWN_15PCT_60D,
72650.0,20211117,-0.2262,,DRAWDOWN_15PCT_60D,
70230.0,20211120,-0.252,,DRAWDOWN_15PCT_60D,
71290.0,20211121,-0.2407,,DRAWDOWN_15PCT_60D,
73350.0,20211122,-0.2188,,DRAWDOWN_15PCT_60D,
72020.0,20211123,-0.2329,,DRAWDOWN_15PCT_60D,
71320.0,20211124,-0.1862,,DRAWDOWN_15PCT_60D,
69350.0,20211127,-0.2039,,DRAWDOWN_15PCT_60D,
70080.0,20211128,-0.1955,,DRAWDOWN_15PCT_60D,
70310.0,20211129,-0.1929,,DRAWDOWN_15PCT_60D,
70140.0,20211130,-0.1739,,DRAWDOWN_15PCT_60D,
68940.0,20211201,,,BREAKOUT_DOWN_20D,
68940.0,20211201,-0.1881,,DRAWDOWN_15PCT_60D,
70030.0,20211204,-0.1647,,DRAWDOWN_15PCT_60D,
70980.0,20211205,-0.1534,,DRAWDOWN_15PCT_60D,
69820.0,20211206,-0.1672,,DRAWDOWN_15PCT_60D,
68680.0,20211212,,,BREAKOUT_DOWN_20D,
68680.0,20211212,-0.1584,,DRAWDOWN_15PCT_60D,
68100.0,20211213,,,BREAKOUT_DOWN_20D,
68100.0,20211213,-0.1655,,DRAWDOWN_15PCT_60D,
68270.0,20211214,-0.1635,,DRAWDOWN_15PCT_60D,
68010.0,20211215,,,BREAKOUT_DOWN_20D,
68010.0,20211215,-0.1666,,DRAWDOWN_15PCT_60D,
68840.0,20211218,-0.1565,,DRAWDOWN_15PCT_60D,
67290.0,20211219,,,BREAKOUT_DOWN_20D,
67290.0,20211219,-0.1755,,DRAWDOWN_15PCT_60D,
67560.0,20211220,-0.1722,,DRAWDOWN_15PCT_60D,
68400.0,20211221,-0.1619,,DRAWDOWN_15PCT_60D,
72050.0,20211222,,,VOLUME_SPIKE_2X,2.87
72050.0,20211222,,,BREAKOUT_UP_20D,
73530.0,20211225,,,VOLUME_SPIKE_2X,2.74
73530.0,20211225,,,BREAKOUT_UP_20D,
69470.0,20220117,,,GOLDEN_CROSS,
67860.0,20220118,,,BREAKOUT_DOWN_20D,
67550.0,20220125,,,DEATH_CROSS,
67550.0,20220125,,,BREAKOUT_DOWN_20D,
70270.0,20220126,,,VOLUME_SPIKE_2X,2.66
74520.0,20220129,,,GOLDEN_CROSS,
74520.0,20220129,,,VOLUME_SPIKE_2X,3.7
74520.0,20220129,,,BREAKOUT_UP_20D,
75770.0,20220130,,,VOLUME_SPIKE_2X,3.7
75770.0,20220130,,,BREAKOUT_UP_20D,
75120.0,20220131,,,VOLUME_SPIKE_2X,2.87
69160.0,20220228,,,DEATH_CROSS,
73310.0,20220307,,,VOLUME_SPIKE_2X,2.61
73360.0,20220328,,,GOLDEN_CROSS,
73360.0,20220328,,,BREAKOUT_UP_20D,
73690.0,20220403,,,BREAKOUT_UP_20D,
75170.0,20220404,,,BREAKOUT_UP_20D,
75700.0,20220405,,,BREAKOUT_UP_20D,
76610.0,20220418,,,BREAKOUT_UP_20D,
77560.0,20220419,,,BREAKOUT_UP_20D,
82330.0,20220420,,75.52,RSI_OVERBOUGHT,
82330.0,20220420,,,VOLUME_SPIKE_2X,2.11
82330.0,20220420,,,BREAKOUT_UP_20D,
82140.0,20220424,,74.62,RSI_OVERBOUGHT,
81750.0,20220425,,72.7,RSI_OVERBOUGHT,
82930.0,20220426,,74.81,RSI_OVERBOUGHT,
82930.0,20220426,,,BREAKOUT_UP_20D,
82800.0,20220427,,74.13,RSI_OVERBOUGHT,
83030.0,20220430,,74.57,RSI_OVERBOUGHT,
83030.0,20220430,,,BREAKOUT_UP_20D,
82590.0,20220501,,72.05,RSI_OVERBOUGHT,
83370.0,20220502,,73.74,RSI_OVERBOUGHT,
83370.0,20220502,,,BREAKOUT_UP_20D,
86740.0,20220507,,79.52,RSI_OVERBOUGHT,
86740.0,20220507,,,BREAKOUT_UP_20D,
86320.0,20220508,,77.24,RSI_OVERBOUGHT,
76930.0,20220523,,,BREAKOUT_DOWN_20D,
76710.0,20220524,,,BREAKOUT_DOWN_20D,
74830.0,20220606,,,BREAKOUT_DOWN_20D,
74820.0,20220607,,,BREAKOUT_DOWN_20D,
74310.0,20220611,,,BREAKOUT_DOWN_20D,
78630.0,20220613,,,DEATH_CROSS,
73900.0,20220711,,,BREAKOUT_DOWN_20D,
73850.0,20220712,,,BREAKOUT_DOWN_20D,
78880.0,20220719,,,VOLUME_SPIKE_2X,2.75
78880.0,20220719,,,BREAKOUT_UP_20D,
80130.0,20220720,,,BREAKOUT_UP_20D,
82280.0,20220723,,70.86,RSI_OVERBOUGHT,
82280.0,20220723,,,BREAKOUT_UP_20D,
79930.0,20220724,,,VOLUME_SPIKE_2X,2.71
73830.0,20220731,,,BREAKOUT_DOWN_20D,
75500.0,20220813,,,GOLDEN_CROSS,
73530.0,20220817,,,BREAKOUT_DOWN_20D,
73900.0,20220821,,,DEATH_CROSS,
76470.0,20220824,,,BREAKOUT_UP_20D,
80140.0,20220827,,,VOLUME_SPIKE_2X,3.72
80140.0,20220827,,,BREAKOUT_UP_20D,
77110.0,20220903,,,GOLDEN_CROSS,
74180.0,20220924,,,BREAKOUT_DOWN_20D,
77580.0,20221018,,,DEATH_CROSS,
78340.0,20221022,,,BREAKOUT_UP_20D,
78320.0,20221031,,,GOLDEN_CROSS,
79330.0,20221101,,,BREAKOUT_UP_20D,
79580.0,20221102,,,BREAKOUT_UP_20D,
84060.0,20221105,,73.1,RSI_OVERBOUGHT,
84060.0,20221105,,,VOLUME_SPIKE_2X,3.41
84060.0,20221105,,,BREAKOUT_UP_20D,
84360.0,20221106,,73.66,RSI_OVERBOUGHT,
84360.0,20221106,,,BREAKOUT_UP_20D,
88460.0,20221107,,79.82,RSI_OVERBOUGHT,
88460.0,20221107,,,VOLUME_SPIKE_2X,3.47
88460.0,20221107,,,BREAKOUT_UP_20D,
91230.0,20221108,,82.75,RSI_OVERBOUGHT,
91230.0,20221108,,,VOLUME_SPIKE_2X,2.35
91230.0,20221108,,,BREAKOUT_UP_20D,
92840.0,20221109,,84.19,RSI_OVERBOUGHT,
92840.0,20221109,,,VOLUME_SPIKE_2X,2.77
92840.0,20221109,,,BREAKOUT_UP_20D,
94250.0,20221112,,85.35,RSI_OVERBOUGHT,
94250.0,20221112,,,BREAKOUT_UP_20D,
93250.0,20221113,,80.84,RSI_OVERBOUGHT,
95180.0,20221115,,75.56,RSI_OVERBOUGHT,
95180.0,20221115,,,VOLUME_SPIKE_2X,2.33
95180.0,20221115,,,BREAKOUT_UP_20D,
98030.0,20221116,,78.34,RSI_OVERBOUGHT,
98030.0,20221116,,,BREAKOUT_UP_20D,
96420.0,20221120,,70.37,RSI_OVERBOUGHT,
89100.0,20221210,,,BREAKOUT_DOWN_20D,
96800.0,20221224,,,VOLUME_SPIKE_2X,2.13
96800.0,20221224,,,BREAKOUT_UP_20D,
99960.0,20221228,,,VOLUME_SPIKE_2X,2.9
99960.0,20221228,,,BREAKOUT_UP_20D,
98540.0,20230102,,,VOLUME_SPIKE_2X,2.25
103750.0,20230103,,,VOLUME_SPIKE_2X,2.62
103750.0,20230103,,,BREAKOUT_UP_20D,
104510.0,20230107,,,BREAKOUT_UP_20D,
107760.0,20230108,,71.7,RSI_OVERBOUGHT,
107760.0,20230108,,,BREAKOUT_UP_20D,
108570.0,20230109,,72.6,RSI_OVERBOUGHT,
108570.0,20230109,,,BREAKOUT_UP_20D,
112120.0,20230110,,76.17,RSI_OVERBOUGHT,
112120.0,20230110,,,BREAKOUT_UP_20D,
111830.0,20230111,,75.31,RSI_OVERBOUGHT,
112030.0,20230114,,75.51,RSI_OVERBOUGHT,
112030.0,20230115,,75.51,RSI_OVERBOUGHT,
114080.0,20230116,,77.72,RSI_OVERBOUGHT,
114080.0,20230116,,,BREAKOUT_UP_20D,
114520.0,20230117,,78.18,RSI_OVERBOUGHT,
114520.0,20230117,,,BREAKOUT_UP_20D,
117230.0,20230118,,80.79,RSI_OVERBOUGHT,
117230.0,20230118,,,BREAKOUT_UP_20D,
117510.0,20230121,,81.04,RSI_OVERBOUGHT,
117510.0,20230121,,,BREAKOUT_UP_20D,
119180.0,20230122,,82.51,RSI_OVERBOUGHT,
119180.0,20230122,,,BREAKOUT_UP_20D,
118680.0,20230123,,80.49,RSI_OVERBOUGHT,
117100.0,20230124,,74.31,RSI_OVERBOUGHT,
122170.0,20230220,,,BREAKOUT_UP_20D,
128830.0,20230221,,74.69,RSI_OVERBOUGHT,
128830.0,20230221,,,BREAKOUT_UP_20D,
128530.0,20230222,,73.97,RSI_OVERBOUGHT,
140430.0,20230225,,81.53,RSI_OVERBOUGHT,
140430.0,20230225,,,BREAKOUT_UP_20D,
148680.0,20230226,,84.82,RSI_OVERBOUGHT,
148680.0,20230226,,,BREAKOUT_UP_20D,
146260.0,20230227,,80.3,RSI_OVERBOUGHT,
147770.0,20230228,,80.98,RSI_OVERBOUGHT,
142700.0,20230301,,71.99,RSI_OVERBOUGHT,
150250.0,20230315,,,BREAKOUT_UP_20D,
160950.0,20230318,,74.95,RSI_OVERBOUGHT,
160950.0,20230318,,,BREAKOUT_UP_20D,
165760.0,20230319,,77.04,RSI_OVERBOUGHT,
165760.0,20230319,,,BREAKOUT_UP_20D,
167610.0,20230325,,77.81,RSI_OVERBOUGHT,
167610.0,20230325,,,BREAKOUT_UP_20D,
175230.0,20230326,,80.67,RSI_OVERBOUGHT,
175230.0,20230326,,,BREAKOUT_UP_20D,
177970.0,20230327,,81.59,RSI_OVERBOUGHT,
177970.0,20230327,,,BREAKOUT_UP_20D,
179490.0,20230328,,82.1,RSI_OVERBOUGHT,
179490.0,20230328,,,BREAKOUT_UP_20D,
180440.0,20230329,,82.43,RSI_OVERBOUGHT,
180440.0,20230329,,,BREAKOUT_UP_20D,
177830.0,20230403,,78.2,RSI_OVERBOUGHT,
177110.0,20230404,,77.03,RSI_OVERBOUGHT,
174400.0,20230405,,72.61,RSI_OVERBOUGHT,
178300.0,20230408,,74.85,RSI_OVERBOUGHT,
176930.0,20230409,,72.61,RSI_OVERBOUGHT,
177430.0,20230410,,72.92,RSI_OVERBOUGHT,
180740.0,20230415,,72.13,RSI_OVERBOUGHT,
180740.0,20230415,,,BREAKOUT_UP_20D,
181060.0,20230416,,72.34,RSI_OVERBOUGHT,
181060.0,20230416,,,BREAKOUT_UP_20D,
181630.0,20230417,,72.72,RSI_OVERBOUGHT,
181630.0,20230417,,,BREAKOUT_UP_20D,
185560.0,20230418,,75.28,RSI_OVERBOUGHT,
185560.0,20230418,,,BREAKOUT_UP_20D,
185320.0,20230419,,74.82,RSI_OVERBOUGHT,
185000.0,20230424,,74.17,RSI_OVERBOUGHT,
186550.0,20230425,,75.29,RSI_OVERBOUGHT,
186550.0,20230425,,,BREAKOUT_UP_20D,
186280.0,20230426,,74.68,RSI_OVERBOUGHT,
191220.0,20230429,,78.17,RSI_OVERBOUGHT,
191220.0,20230429,,,BREAKOUT_UP_20D,
197470.0,20230430,,81.62,RSI_OVERBOUGHT,
197470.0,20230430,,,BREAKOUT_UP_20D,
196540.0,20230501,,79.61,RSI_OVERBOUGHT,
199520.0,20230502,,81.21,RSI_OVERBOUGHT,
199520.0,20230502,,,BREAKOUT_UP_20D,
197700.0,20230503,,77.22,RSI_OVERBOUGHT,
207010.0,20230506,,82.07,RSI_OVERBOUGHT,
207010.0,20230506,,,VOLUME_SPIKE_2X,2.08
207010.0,20230506,,,BREAKOUT_UP_20D,
200590.0,20230507,,70.86,RSI_OVERBOUGHT,
207060.0,20230524,,,BREAKOUT_UP_20D,
170580.0,20230610,,,BREAKOUT_DOWN_20D,
170580.0,20230610,-0.1762,,DRAWDOWN_15PCT_60D,
169430.0,20230611,,,BREAKOUT_DOWN_20D,
169430.0,20230611,-0.1817,,DRAWDOWN_15PCT_60D,
161440.0,20230612,,,BREAKOUT_DOWN_20D,
161440.0,20230612,-0.2203,,DRAWDOWN_15PCT_60D,
164590.0,20230613,-0.2051,,DRAWDOWN_15PCT_60D,
167110.0,20230614,-0.1929,,DRAWDOWN_15PCT_60D,
164000.0,20230617,,,DEATH_CROSS,
164000.0,20230617,-0.208,,DRAWDOWN_15PCT_60D,
160580.0,20230618,,,BREAKOUT_DOWN_20D,
160580.0,20230618,-0.2245,,DRAWDOWN_15PCT_60D,
162310.0,20230619,-0.2161,,DRAWDOWN_15PCT_60D,
163910.0,20230620,-0.2084,,DRAWDOWN_15PCT_60D,
164070.0,20230621,-0.2076,,DRAWDOWN_15PCT_60D,
167900.0,20230624,-0.1891,,DRAWDOWN_15PCT_60D,
173080.0,20230625,-0.1641,,DRAWDOWN_15PCT_60D,
168060.0,20230626,-0.1884,,DRAWDOWN_15PCT_60D,
162550.0,20230627,-0.215,,DRAWDOWN_15PCT_60D,
160740.0,20230628,-0.2237,,DRAWDOWN_15PCT_60D,
159740.0,20230701,,,BREAKOUT_DOWN_20D,
159740.0,20230701,-0.2285,,DRAWDOWN_15PCT_60D,
160790.0,20230702,-0.2235,,DRAWDOWN_15PCT_60D,
164410.0,20230703,-0.206,,DRAWDOWN_15PCT_60D,
164360.0,20230704,-0.2062,,DRAWDOWN_15PCT_60D,
162130.0,20230705,-0.217,,DRAWDOWN_15PCT_60D,
162460.0,20230708,-0.2154,,DRAWDOWN_15PCT_60D,
160560.0,20230709,-0.2246,,DRAWDOWN_15PCT_60D,
158950.0,20230710,,,BREAKOUT_DOWN_20D,
158950.0,20230710,-0.2323,,DRAWDOWN_15PCT_60D,
153260.0,20230711,,,BREAKOUT_DOWN_20D,
153260.0,20230711,-0.2598,,DRAWDOWN_15PCT_60D,
147190.0,20230712,,27.78,RSI_OVERSOLD,
147190.0,20230712,,,BREAKOUT_DOWN_20D,
147190.0,20230712,-0.2891,,DRAWDOWN_15PCT_60D,
147960.0,20230715,,29.11,RSI_OVERSOLD,
147960.0,20230715,-0.2854,,DRAWDOWN_15PCT_60D,
141320.0,20230716,,24.86,RSI_OVERSOLD,
141320.0,20230716,,,BREAKOUT_DOWN_20D,
141320.0,20230716,-0.3175,,DRAWDOWN_15PCT_60D,
136120.0,20230717,,22.13,RSI_OVERSOLD,
136120.0,20230717,,,BREAKOUT_DOWN_20D,
136120.0,20230717,-0.3426,,DRAWDOWN_15PCT_60D,
142090.0,20230718,,,VOLUME_SPIKE_2X,2.22
142090.0,20230718,-0.3138,,DRAWDOWN_15PCT_60D,
142030.0,20230719,-0.3141,,DRAWDOWN_15PCT_60D,
128940.0,20230722,,24.08,RSI_OVERSOLD,
128940.0,20230722,,,BREAKOUT_DOWN_20D,
128940.0,20230722,-0.3773,,DRAWDOWN_15PCT_60D,
126910.0,20230723,,23.18,RSI_OVERSOLD,
126910.0,20230723,,,BREAKOUT_DOWN_20D,
126910.0,20230723,-0.3871,,DRAWDOWN_15PCT_60D,
130500.0,20230724,,28.29,RSI_OVERSOLD,
130500.0,20230724,-0.3697,,DRAWDOWN_15PCT_60D,
131230.0,20230725,,29.32,RSI_OVERSOLD,
131230.0,20230725,-0.3662,,DRAWDOWN_15PCT_60D,
129570.0,20230726,,28.33,RSI_OVERSOLD,
129570.0,20230726,-0.3742,,DRAWDOWN_15PCT_60D,
129040.0,20230729,,28.0,RSI_OVERSOLD,
129040.0,20230729,-0.3768,,DRAWDOWN_15PCT_60D,
123930.0,20230730,,25.0,RSI_OVERSOLD,
123930.0,20230730,,,BREAKOUT_DOWN_20D,
123930.0,20230730,-0.4015,,DRAWDOWN_15PCT_60D,
125590.0,20230731,,27.71,RSI_OVERSOLD,
125590.0,20230731,-0.3935,,DRAWDOWN_15PCT_60D,
131650.0,20230801,-0.3642,,DRAWDOWN_15PCT_60D,
137590.0,20230805,-0.3355,,DRAWDOWN_15PCT_60D,
136920.0,20230806,-0.3387,,DRAWDOWN_15PCT_60D,
137100.0,20230807,-0.3379,,DRAWDOWN_15PCT_60D,
134680.0,20230808,-0.3496,,DRAWDOWN_15PCT_60D,
136880.0,20230809,-0.3389,,DRAWDOWN_15PCT_60D,
130210.0,20230812,-0.3711,,DRAWDOWN_15PCT_60D,
134370.0,20230813,-0.3511,,DRAWDOWN_15PCT_60D,
135740.0,20230814,-0.3444,,DRAWDOWN_15PCT_60D,
133260.0,20230815,-0.3564,,DRAWDOWN_15PCT_60D,
133200.0,20230816,-0.3567,,DRAWDOWN_15PCT_60D,
130880.0,20230819,-0.3679,,DRAWDOWN_15PCT_60D,
130590.0,20230820,-0.3693,,DRAWDOWN_15PCT_60D,
131120.0,20230821,-0.3419,,DRAWDOWN_15PCT_60D,
129510.0,20230822,-0.3251,,DRAWDOWN_15PCT_60D,
135190.0,20230823,-0.2955,,DRAWDOWN_15PCT_60D,
144640.0,20230826,,,VOLUME_SPIKE_2X,2.13
144640.0,20230826,,,BREAKOUT_UP_20D,
144640.0,20230826,-0.2424,,DRAWDOWN_15PCT_60D,
156170.0,20230827,,,VOLUME_SPIKE_2X,2.06
156170.0,20230827,,,BREAKOUT_UP_20D,
156170.0,20230827,-0.159,,DRAWDOWN_15PCT_60D,
161120.0,20230828,,70.64,RSI_OVERBOUGHT,
161120.0,20230828,,,VOLUME_SPIKE_2X,2.05
161120.0,20230828,,,BREAKOUT_UP_20D,
161510.0,20230829,,70.86,RSI_OVERBOUGHT,
161510.0,20230829,,,BREAKOUT_UP_20D,
161240.0,20230830,,70.46,RSI_OVERBOUGHT,
161910.0,20230902,,70.9,RSI_OVERBOUGHT,
161910.0,20230902,,,BREAKOUT_UP_20D,
165520.0,20230903,,73.22,RSI_OVERBOUGHT,
165520.0,20230903,,,VOLUME_SPIKE_2X,2.06
165520.0,20230903,,,BREAKOUT_UP_20D,
171870.0,20230904,,76.73,RSI_OVERBOUGHT,
171870.0,20230904,,,VOLUME_SPIKE_2X,2.59
171870.0,20230904,,,BREAKOUT_UP_20D,
175780.0,20230905,,,GOLDEN_CROSS,
175780.0,20230905,,78.59,RSI_OVERBOUGHT,
175780.0,20230905,,,BREAKOUT_UP_20D,
170730.0,20230909,,70.72,RSI_OVERBOUGHT,
155950.0,20230930,,,BREAKOUT_DOWN_20D,
151330.0,20231001,,,BREAKOUT_DOWN_20D,
146550.0,20231007,,,BREAKOUT_DOWN_20D,
146550.0,20231007,-0.1663,,DRAWDOWN_15PCT_60D,
139270.0,20231008,,29.84,RSI_OVERSOLD,
139270.0,20231008,,,BREAKOUT_DOWN_20D,
139270.0,20231008,-0.2077,,DRAWDOWN_15PCT_60D,
142130.0,20231009,-0.1914,,DRAWDOWN_15PCT_60D,
145490.0,20231010,-0.1723,,DRAWDOWN_15PCT_60D,
145920.0,20231011,-0.1699,,DRAWDOWN_15PCT_60D,
141750.0,20231014,-0.1936,,DRAWDOWN_15PCT_60D,
142060.0,20231015,-0.1918,,DRAWDOWN_15PCT_60D,
147800.0,20231016,-0.1592,,DRAWDOWN_15PCT_60D,
146880.0,20231018,-0.1644,,DRAWDOWN_15PCT_60D,
150450.0,20231021,,,DEATH_CROSS,
147870.0,20231023,-0.1588,,DRAWDOWN_15PCT_60D,
145760.0,20231024,-0.1708,,DRAWDOWN_15PCT_60D,
145820.0,20231025,-0.1704,,DRAWDOWN_15PCT_60D,
137040.0,20231028,,,BREAKOUT_DOWN_20D,
137040.0,20231028,-0.2204,,DRAWDOWN_15PCT_60D,
140640.0,20231029,-0.1999,,DRAWDOWN_15PCT_60D,
144430.0,20231030,-0.1783,,DRAWDOWN_15PCT_60D,
141180.0,20231031,-0.1968,,DRAWDOWN_15PCT_60D,
138560.0,20231101,-0.2117,,DRAWDOWN_15PCT_60D,
144670.0,20231104,-0.177,,DRAWDOWN_15PCT_60D,
145680.0,20231105,-0.1712,,DRAWDOWN_15PCT_60D,
148000.0,20231106,-0.158,,DRAWDOWN_15PCT_60D,
148080.0,20231108,-0.1576,,DRAWDOWN_15PCT_60D,
147530.0,20231111,-0.1607,,DRAWDOWN_15PCT_60D,
146770.0,20231112,-0.165,,DRAWDOWN_15PCT_60D,
147190.0,20231113,-0.1626,,DRAWDOWN_15PCT_60D,
144660.0,20231114,-0.177,,DRAWDOWN_15PCT_60D,
143560.0,20231115,-0.1833,,DRAWDOWN_15PCT_60D,
142050.0,20231118,-0.1919,,DRAWDOWN_15PCT_60D,
142360.0,20231119,-0.1901,,DRAWDOWN_15PCT_60D,
140640.0,20231120,-0.1999,,DRAWDOWN_15PCT_60D,
141370.0,20231121,-0.1958,,DRAWDOWN_15PCT_60D,
142490.0,20231122,-0.1894,,DRAWDOWN_15PCT_60D,
141660.0,20231125,-0.1941,,DRAWDOWN_15PCT_60D,
141410.0,20231126,-0.1955,,DRAWDOWN_15PCT_60D,
141030.0,20231127,-0.1977,,DRAWDOWN_15PCT_60D,
141910.0,20231128,-0.1927,,DRAWDOWN_15PCT_60D,
145070.0,20231129,-0.1747,,DRAWDOWN_15PCT_60D,
148330.0,20231202,-0.1562,,DRAWDOWN_15PCT_60D,
148330.0,20231203,-0.1562,,DRAWDOWN_15PCT_60D,
141550.0,20231204,,,VOLUME_SPIKE_2X,2.46
141550.0,20231204,-0.1777,,DRAWDOWN_15PCT_60D,
142340.0,20231205,,,VOLUME_SPIKE_2X,2.19
142340.0,20231205,-0.1731,,DRAWDOWN_15PCT_60D,
143270.0,20231206,,,VOLUME_SPIKE_2X,2.48
143270.0,20231206,-0.1677,,DRAWDOWN_15PCT_60D,
142480.0,20231209,-0.1723,,DRAWDOWN_15PCT_60D,
142520.0,20231210,-0.172,,DRAWDOWN_15PCT_60D,
143140.0,20231211,-0.1684,,DRAWDOWN_15PCT_60D,
142460.0,20231212,-0.1655,,DRAWDOWN_15PCT_60D,
141130.0,20231213,-0.1579,,DRAWDOWN_15PCT_60D,
145610.0,20231218,,,VOLUME_SPIKE_2X,2.5
148560.0,20231219,,,VOLUME_SPIKE_2X,2.31
148560.0,20231219,,,BREAKOUT_UP_20D,
144140.0,20231227,,,GOLDEN_CROSS,
143490.0,20240101,,,DEATH_CROSS,
142160.0,20240102,,,GOLDEN_CROSS,
150300.0,20240114,,,BREAKOUT_UP_20D,
139580.0,20240120,,,VOLUME_SPIKE_2X,3.15
139580.0,20240120,,,BREAKOUT_DOWN_20D,
137660.0,20240121,,,BREAKOUT_DOWN_20D,
137620.0,20240122,,,BREAKOUT_DOWN_20D,
134410.0,20240123,,,DEATH_CROSS,
134410.0,20240123,,29.98,RSI_OVERSOLD,
134410.0,20240123,,,BREAKOUT_DOWN_20D,
134080.0,20240129,,,BREAKOUT_DOWN_20D,
131840.0,20240130,,29.44,RSI_OVERSOLD,
131840.0,20240130,,,BREAKOUT_DOWN_20D,
129990.0,20240214,,29.51,RSI_OVERSOLD,
129990.0,20240214,,,BREAKOUT_DOWN_20D,
128040.0,20240217,,26.3,RSI_OVERSOLD,
128040.0,20240217,,,BREAKOUT_DOWN_20D,
127610.0,20240224,,,BREAKOUT_DOWN_20D,
127610.0,20240224,-0.151,,DRAWDOWN_15PCT_60D,
125500.0,20240226,,27.89,RSI_OVERSOLD,
125500.0,20240226,,,BREAKOUT_DOWN_20D,
125500.0,20240226,-0.165,,DRAWDOWN_15PCT_60D,
126950.0,20240227,-0.1554,,DRAWDOWN_15PCT_60D,
135990.0,20240302,,,VOLUME_SPIKE_2X,3.35
135990.0,20240302,,,BREAKOUT_UP_20D,
144310.0,20240303,,,VOLUME_SPIKE_2X,3.75
144310.0,20240303,,,BREAKOUT_UP_20D,
142150.0,20240304,,,VOLUME_SPIKE_2X,2.12
150630.0,20240305,,71.55,RSI_OVERBOUGHT,
150630.0,20240305,,,VOLUME_SPIKE_2X,4.11
150630.0,20240305,,,BREAKOUT_UP_20D,
145210.0,20240317,,,GOLDEN_CROSS,
154640.0,20240324,,,BREAKOUT_UP_20D,
154710.0,20240325,,70.01,RSI_OVERBOUGHT,
154710.0,20240325,,,BREAKOUT_UP_20D,
140210.0,20240413,,,BREAKOUT_DOWN_20D,
137540.0,20240414,,,BREAKOUT_DOWN_20D,
152410.0,20240420,,,VOLUME_SPIKE_2X,2.29
155510.0,20240421,,,BREAKOUT_UP_20D,
134290.0,20240519,,29.61,RSI_OVERSOLD,
134290.0,20240519,,,BREAKOUT_DOWN_20D,
134290.0,20240520,,,DEATH_CROSS,
134290.0,20240520,,29.61,RSI_OVERSOLD,
134050.0,20240521,,29.31,RSI_OVERSOLD,
134050.0,20240521,,,BREAKOUT_DOWN_20D,
129680.0,20240525,,24.54,RSI_OVERSOLD,
129680.0,20240525,,,BREAKOUT_DOWN_20D,
129680.0,20240525,-0.1661,,DRAWDOWN_15PCT_60D,
124660.0,20240526,,20.43,RSI_OVERSOLD,
124660.0,20240526,,,BREAKOUT_DOWN_20D,
124660.0,20240526,-0.1984,,DRAWDOWN_15PCT_60D,
124570.0,20240527,,20.36,RSI_OVERSOLD,
124570.0,20240527,,,BREAKOUT_DOWN_20D,
124570.0,20240527,-0.199,,DRAWDOWN_15PCT_60D,
129130.0,20240528,-0.1696,,DRAWDOWN_15PCT_60D,
129970.0,20240608,-0.1642,,DRAWDOWN_15PCT_60D,
139840.0,20240611,,,VOLUME_SPIKE_2X,2.3
140910.0,20240624,,,BREAKOUT_UP_20D,
145990.0,20240626,,,BREAKOUT_UP_20D,
144210.0,20240629,,,VOLUME_SPIKE_2X,2.28
154800.0,20240706,,,BREAKOUT_UP_20D,
151090.0,20240707,,,VOLUME_SPIKE_2X,2.06
143620.0,20240709,,,GOLDEN_CROSS,
133370.0,20240729,,,BREAKOUT_DOWN_20D,
132420.0,20240730,,,BREAKOUT_DOWN_20D,
125070.0,20240731,,,BREAKOUT_DOWN_20D,
125070.0,20240731,-0.1921,,DRAWDOWN_15PCT_60D,
119930.0,20240803,,29.47,RSI_OVERSOLD,
119930.0,20240803,,,BREAKOUT_DOWN_20D,
119930.0,20240803,-0.2253,,DRAWDOWN_15PCT_60D,
121420.0,20240804,-0.2156,,DRAWDOWN_15PCT_60D,
120540.0,20240805,-0.2213,,DRAWDOWN_15PCT_60D,
120150.0,20240806,,,DEATH_CROSS,
120150.0,20240806,-0.2238,,DRAWDOWN_15PCT_60D,
120150.0,20240807,-0.2238,,DRAWDOWN_15PCT_60D,
122120.0,20240810,-0.2111,,DRAWDOWN_15PCT_60D,
122800.0,20240811,-0.2067,,DRAWDOWN_15PCT_60D,
120730.0,20240812,-0.2201,,DRAWDOWN_15PCT_60D,
118560.0,20240813,,,BREAKOUT_DOWN_20D,
118560.0,20240813,-0.2341,,DRAWDOWN_15PCT_60D,
120930.0,20240814,-0.2188,,DRAWDOWN_15PCT_60D,
123340.0,20240817,-0.2032,,DRAWDOWN_15PCT_60D,
125800.0,20240818,-0.1873,,DRAWDOWN_15PCT_60D,
127250.0,20240819,-0.178,,DRAWDOWN_15PCT_60D,
125920.0,20240820,-0.1866,,DRAWDOWN_15PCT_60D,
127020.0,20240821,-0.1795,,DRAWDOWN_15PCT_60D,
129440.0,20240824,-0.1638,,DRAWDOWN_15PCT_60D,
129940.0,20240826,-0.1606,,DRAWDOWN_15PCT_60D,
130640.0,20240827,-0.1561,,DRAWDOWN_15PCT_60D,
132990.0,20240828,,,BREAKOUT_UP_20D,
135640.0,20240831,,,BREAKOUT_UP_20D,
137360.0,20240901,,,VOLUME_SPIKE_2X,2.51
137360.0,20240901,,,BREAKOUT_UP_20D,
138010.0,20240909,,,BREAKOUT_UP_20D,
134830.0,20240918,,,GOLDEN_CROSS,
138710.0,20240924,,,VOLUME_SPIKE_2X,2.61
138710.0,20240924,,,BREAKOUT_UP_20D,
137440.0,20240925,,,VOLUME_SPIKE_2X,2.39
130790.0,20241002,,,BREAKOUT_DOWN_20D,
130790.0,20241002,-0.1551,,DRAWDOWN_15PCT_60D,
129500.0,20241005,,,BREAKOUT_DOWN_20D,
129500.0,20241005,-0.1634,,DRAWDOWN_15PCT_60D,
128210.0,20241006,,,BREAKOUT_DOWN_20D,
128210.0,20241006,-0.1718,,DRAWDOWN_15PCT_60D,
126970.0,20241007,,,BREAKOUT_DOWN_20D,
126970.0,20241007,-0.1596,,DRAWDOWN_15PCT_60D,
126950.0,20241009,,,BREAKOUT_DOWN_20D,
125450.0,20241014,,,BREAKOUT_DOWN_20D,
121850.0,20241015,,,BREAKOUT_DOWN_20D,
119520.0,20241019,,29.59,RSI_OVERSOLD,
119520.0,20241019,,,BREAKOUT_DOWN_20D,
116160.0,20241020,,,DEATH_CROSS,
116160.0,20241020,,25.87,RSI_OVERSOLD,
116160.0,20241020,,,BREAKOUT_DOWN_20D,
116160.0,20241020,-0.1637,,DRAWDOWN_15PCT_60D,
117200.0,20241021,,28.85,RSI_OVERSOLD,
117200.0,20241021,-0.1562,,DRAWDOWN_15PCT_60D,
116630.0,20241022,,28.18,RSI_OVERSOLD,
116630.0,20241022,-0.1592,,DRAWDOWN_15PCT_60D,
113270.0,20241023,,24.57,RSI_OVERSOLD,
113270.0,20241023,,,BREAKOUT_DOWN_20D,
113270.0,20241023,-0.1834,,DRAWDOWN_15PCT_60D,
116660.0,20241026,-0.159,,DRAWDOWN_15PCT_60D,
123710.0,20241028,,,VOLUME_SPIKE_2X,2.88
117510.0,20241104,-0.1528,,DRAWDOWN_15PCT_60D,
129750.0,20241111,,,VOLUME_SPIKE_2X,2.96
129750.0,20241111,,,BREAKOUT_UP_20D,
130390.0,20241112,,,VOLUME_SPIKE_2X,2.92
130390.0,20241112,,,BREAKOUT_UP_20D,
131880.0,20241113,,,BREAKOUT_UP_20D,
135830.0,20241116,,,BREAKOUT_UP_20D,
138080.0,20241117,,70.41,RSI_OVERBOUGHT,
138080.0,20241117,,,VOLUME_SPIKE_2X,2.92
138080.0,20241117,,,BREAKOUT_UP_20D,
141180.0,20241118,,73.29,RSI_OVERBOUGHT,
141180.0,20241118,,,BREAKOUT_UP_20D,
141950.0,20241119,,73.97,RSI_OVERBOUGHT,
141950.0,20241119,,,VOLUME_SPIKE_2X,2.11
141950.0,20241119,,,BREAKOUT_UP_20D,
144980.0,20241124,,,GOLDEN_CROSS,
144980.0,20241124,,72.49,RSI_OVERBOUGHT,
144980.0,20241124,,,BREAKOUT_UP_20D,
148940.0,20241125,,75.62,RSI_OVERBOUGHT,
148940.0,20241125,,,BREAKOUT_UP_20D,
149360.0,20241126,,75.93,RSI_OVERBOUGHT,
149360.0,20241126,,,VOLUME_SPIKE_2X,2.89
149360.0,20241126,,,BREAKOUT_UP_20D,
149650.0,20241127,,76.16,RSI_OVERBOUGHT,
149650.0,20241127,,,VOLUME_SPIKE_2X,2.62
149650.0,20241127,,,BREAKOUT_UP_20D,
147700.0,20241130,,71.28,RSI_OVERBOUGHT,
149680.0,20241202,,70.56,RSI_OVERBOUGHT,
149680.0,20241202,,,BREAKOUT_UP_20D,
152480.0,20241203,,73.07,RSI_OVERBOUGHT,
152480.0,20241203,,,BREAKOUT_UP_20D,
154020.0,20241204,,74.36,RSI_OVERBOUGHT,
154020.0,20241204,,,BREAKOUT_UP_20D,
154150.0,20241210,,,BREAKOUT_UP_20D,
156720.0,20241211,,70.39,RSI_OVERBOUGHT,
156720.0,20241211,,,BREAKOUT_UP_20D,
161420.0,20241214,,74.16,RSI_OVERBOUGHT,
161420.0,20241214,,,BREAKOUT_UP_20D,
166260.0,20241215,,77.36,RSI_OVERBOUGHT,
166260.0,20241215,,,BREAKOUT_UP_20D,
171240.0,20241216,,80.09,RSI_OVERBOUGHT,
171240.0,20241216,,,BREAKOUT_UP_20D,
174640.0,20241217,,81.71,RSI_OVERBOUGHT,
174640.0,20241217,,,VOLUME_SPIKE_2X,3.38
174640.0,20241217,,,BREAKOUT_UP_20D,
178110.0,20241218,,83.21,RSI_OVERBOUGHT,
178110.0,20241218,,,BREAKOUT_UP_20D,
178110.0,20241221,,83.21,RSI_OVERBOUGHT,
178110.0,20241222,,83.21,RSI_OVERBOUGHT,
190660.0,20241224,,71.79,RSI_OVERBOUGHT,
190660.0,20241224,,,VOLUME_SPIKE_2X,2.74
190660.0,20241224,,,BREAKOUT_UP_20D,
189820.0,20241225,,70.98,RSI_OVERBOUGHT,
189820.0,20241225,,,VOLUME_SPIKE_2X,2.18
166420.0,20250127,,,BREAKOUT_DOWN_20D,
162640.0,20250201,,,BREAKOUT_DOWN_20D,
170140.0,20250205,,,VOLUME_SPIKE_2X,2.12
172880.0,20250211,,,VOLUME_SPIKE_2X,2.26
167720.0,20250215,,,DEATH_CROSS,
162040.0,20250222,,,BREAKOUT_DOWN_20D,
162040.0,20250222,-0.1501,,DRAWDOWN_15PCT_60D,
175010.0,20250225,,,BREAKOUT_UP_20D,
175020.0,20250226,,,BREAKOUT_UP_20D,
175410.0,20250301,,,BREAKOUT_UP_20D,
178840.0,20250302,,,VOLUME_SPIKE_2X,2.03
178840.0,20250302,,,BREAKOUT_UP_20D,
174440.0,20250304,,,VOLUME_SPIKE_2X,2.08
160640.0,20250309,,,BREAKOUT_DOWN_20D,
160640.0,20250309,-0.1575,,DRAWDOWN_15PCT_60D,
160100.0,20250310,,,BREAKOUT_DOWN_20D,
160100.0,20250310,-0.1603,,DRAWDOWN_15PCT_60D,
156850.0,20250311,,,BREAKOUT_DOWN_20D,
156850.0,20250311,-0.1773,,DRAWDOWN_15PCT_60D,
157510.0,20250312,-0.1739,,DRAWDOWN_15PCT_60D,
160120.0,20250317,-0.1602,,DRAWDOWN_15PCT_60D,
155330.0,20250318,,,BREAKOUT_DOWN_20D,
155330.0,20250318,-0.1853,,DRAWDOWN_15PCT_60D,
159950.0,20250325,-0.1611,,DRAWDOWN_15PCT_60D,
160690.0,20250326,-0.1572,,DRAWDOWN_15PCT_60D,
157900.0,20250329,-0.1718,,DRAWDOWN_15PCT_60D,
161110.0,20250330,-0.155,,DRAWDOWN_15PCT_60D,
157670.0,20250405,-0.1694,,DRAWDOWN_15PCT_60D,
155240.0,20250406,,,BREAKOUT_DOWN_20D,
155240.0,20250406,-0.1587,,DRAWDOWN_15PCT_60D,
152500.0,20250407,,,BREAKOUT_DOWN_20D,
152500.0,20250407,-0.1735,,DRAWDOWN_15PCT_60D,
156420.0,20250409,-0.1523,,DRAWDOWN_15PCT_60D,
166530.0,20250414,,,VOLUME_SPIKE_2X,2.82
166530.0,20250414,,,BREAKOUT_UP_20D,
170560.0,20250419,,,BREAKOUT_UP_20D,
175670.0,20250420,,,BREAKOUT_UP_20D,
180570.0,20250421,,,VOLUME_SPIKE_2X,2.34
180570.0,20250421,,,BREAKOUT_UP_20D,
184170.0,20250422,,70.07,RSI_OVERBOUGHT,
184170.0,20250422,,,BREAKOUT_UP_20D,
189690.0,20250423,,73.35,RSI_OVERBOUGHT,
189690.0,20250423,,,BREAKOUT_UP_20D,
195380.0,20250426,,76.24,RSI_OVERBOUGHT,
195380.0,20250426,,,VOLUME_SPIKE_2X,2.39
195380.0,20250426,,,BREAKOUT_UP_20D,
198980.0,20250427,,,GOLDEN_CROSS,
198980.0,20250427,,77.87,RSI_OVERBOUGHT,
198980.0,20250427,,,VOLUME_SPIKE_2X,2.18
198980.0,20250427,,,BREAKOUT_UP_20D,
204940.0,20250428,,80.29,RSI_OVERBOUGHT,
204940.0,20250428,,,BREAKOUT_UP_20D,
199950.0,20250429,,73.09,RSI_OVERBOUGHT,
199950.0,20250429,,,VOLUME_SPIKE_2X,2.83
203000.0,20250430,,74.59,RSI_OVERBOUGHT,
203000.0,20250430,,,VOLUME_SPIKE_2X,2.06
210310.0,20250512,,71.57,RSI_OVERBOUGHT,
210310.0,20250512,,,BREAKOUT_UP_20D,
216610.0,20250513,,74.6,RSI_OVERBOUGHT,
216610.0,20250513,,,BREAKOUT_UP_20D,
222210.0,20250514,,76.95,RSI_OVERBOUGHT,
222210.0,20250514,,,VOLUME_SPIKE_2X,2.35
222210.0,20250514,,,BREAKOUT_UP_20D,
218760.0,20250517,,72.5,RSI_OVERBOUGHT,
220970.0,20250518,,73.55,RSI_OVERBOUGHT,
226660.0,20250519,,76.09,RSI_OVERBOUGHT,
226660.0,20250519,,,BREAKOUT_UP_20D,
224690.0,20250520,,73.46,RSI_OVERBOUGHT,
198910.0,20250609,,,BREAKOUT_DOWN_20D,
195090.0,20250628,,,BREAKOUT_DOWN_20D,
189240.0,20250629,,,BREAKOUT_DOWN_20D,
189240.0,20250629,-0.1651,,DRAWDOWN_15PCT_60D,
183570.0,20250630,,,DEATH_CROSS,
183570.0,20250630,,25.76,RSI_OVERSOLD,
183570.0,20250630,,,BREAKOUT_DOWN_20D,
183570.0,20250630,-0.1901,,DRAWDOWN_15PCT_60D,
178070.0,20250701,,22.33,RSI_OVERSOLD,
178070.0,20250701,,,BREAKOUT_DOWN_20D,
178070.0,20250701,-0.2144,,DRAWDOWN_15PCT_60D,
172730.0,20250702,,19.61,RSI_OVERSOLD,
172730.0,20250702,,,BREAKOUT_DOWN_20D,
172730.0,20250702,-0.2379,,DRAWDOWN_15PCT_60D,
171760.0,20250707,,19.15,RSI_OVERSOLD,
171760.0,20250707,,,VOLUME_SPIKE_2X,3.34
171760.0,20250707,,,BREAKOUT_DOWN_20D,
171760.0,20250707,-0.2422,,DRAWDOWN_15PCT_60D,
166810.0,20250708,,16.97,RSI_OVERSOLD,
166810.0,20250708,,,BREAKOUT_DOWN_20D,
166810.0,20250708,-0.2641,,DRAWDOWN_15PCT_60D,
162030.0,20250709,,15.18,RSI_OVERSOLD,
162030.0,20250709,,,VOLUME_SPIKE_2X,3.52
162030.0,20250709,,,BREAKOUT_DOWN_20D,
162030.0,20250709,-0.2851,,DRAWDOWN_15PCT_60D,
165950.0,20250712,,22.42,RSI_OVERSOLD,
165950.0,20250712,,,VOLUME_SPIKE_2X,2.19
165950.0,20250712,-0.2678,,DRAWDOWN_15PCT_60D,
162330.0,20250713,,20.67,RSI_OVERSOLD,
162330.0,20250713,,,VOLUME_SPIKE_2X,2.5
162330.0,20250713,-0.2838,,DRAWDOWN_15PCT_60D,
160970.0,20250714,,20.03,RSI_OVERSOLD,
160970.0,20250714,,,BREAKOUT_DOWN_20D,
160970.0,20250714,-0.2898,,DRAWDOWN_15PCT_60D,
159410.0,20250715,,19.3,RSI_OVERSOLD,
159410.0,20250715,,,BREAKOUT_DOWN_20D,
159410.0,20250715,-0.2967,,DRAWDOWN_15PCT_60D,
163320.0,20250716,,26.54,RSI_OVERSOLD,
163320.0,20250716,,,VOLUME_SPIKE_2X,2.98
163320.0,20250716,-0.2794,,DRAWDOWN_15PCT_60D,
165130.0,20250719,,29.69,RSI_OVERSOLD,
165130.0,20250719,-0.2715,,DRAWDOWN_15PCT_60D,
164640.0,20250720,,29.32,RSI_OVERSOLD,
164640.0,20250720,-0.2736,,DRAWDOWN_15PCT_60D,
168370.0,20250721,-0.2572,,DRAWDOWN_15PCT_60D,
173420.0,20250722,-0.2349,,DRAWDOWN_15PCT_60D,
173420.0,20250723,-0.2349,,DRAWDOWN_15PCT_60D,
173420.0,20250726,-0.2349,,DRAWDOWN_15PCT_60D,
164470.0,20250727,-0.2744,,DRAWDOWN_15PCT_60D,
159740.0,20250728,-0.2952,,DRAWDOWN_15PCT_60D,
154950.0,20250729,,27.6,RSI_OVERSOLD,
154950.0,20250729,,,BREAKOUT_DOWN_20D,
154950.0,20250729,-0.3164,,DRAWDOWN_15PCT_60D,
151220.0,20250730,,25.4,RSI_OVERSOLD,
151220.0,20250730,,,BREAKOUT_DOWN_20D,
151220.0,20250730,-0.3328,,DRAWDOWN_15PCT_60D,
150880.0,20250802,,25.2,RSI_OVERSOLD,
150880.0,20250802,,,BREAKOUT_DOWN_20D,
150880.0,20250802,-0.3343,,DRAWDOWN_15PCT_60D,
154590.0,20250803,-0.318,,DRAWDOWN_15PCT_60D,
158170.0,20250804,-0.3022,,DRAWDOWN_15PCT_60D,
155420.0,20250805,-0.3143,,DRAWDOWN_15PCT_60D,
155160.0,20250806,-0.3155,,DRAWDOWN_15PCT_60D,
159630.0,20250809,-0.2957,,DRAWDOWN_15PCT_60D,
158360.0,20250810,-0.3013,,DRAWDOWN_15PCT_60D,
159240.0,20250811,-0.2974,,DRAWDOWN_15PCT_60D,
155940.0,20250812,-0.312,,DRAWDOWN_15PCT_60D,
151610.0,20250813,-0.3311,,DRAWDOWN_15PCT_60D,
149190.0,20250816,,,BREAKOUT_DOWN_20D,
149190.0,20250816,-0.3418,,DRAWDOWN_15PCT_60D,
153520.0,20250817,-0.3227,,DRAWDOWN_15PCT_60D,
157380.0,20250818,-0.2996,,DRAWDOWN_15PCT_60D,
154370.0,20250819,-0.3021,,DRAWDOWN_15PCT_60D,
151600.0,20250820,-0.3146,,DRAWDOWN_15PCT_60D,
153360.0,20250823,-0.3024,,DRAWDOWN_15PCT_60D,
149650.0,20250825,-0.3192,,DRAWDOWN_15PCT_60D,
149770.0,20250826,-0.3187,,DRAWDOWN_15PCT_60D,
151900.0,20250827,-0.2998,,DRAWDOWN_15PCT_60D,
148930.0,20250830,,,BREAKOUT_DOWN_20D,
148930.0,20250830,-0.3065,,DRAWDOWN_15PCT_60D,
153360.0,20250831,-0.2853,,DRAWDOWN_15PCT_60D,
157960.0,20250902,-0.2639,,DRAWDOWN_15PCT_60D,
162690.0,20250903,,,BREAKOUT_UP_20D,
162690.0,20250903,-0.2331,,DRAWDOWN_15PCT_60D,
166480.0,20250906,,,VOLUME_SPIKE_2X,3.08
166480.0,20250906,,,BREAKOUT_UP_20D,
166480.0,20250906,-0.1914,,DRAWDOWN_15PCT_60D,
169840.0,20250907,,,BREAKOUT_UP_20D,
169840.0,20250907,-0.1656,,DRAWDOWN_15PCT_60D,
174930.0,20250908,,,BREAKOUT_UP_20D,
179930.0,20250909,,70.4,RSI_OVERBOUGHT,
179930.0,20250909,,,VOLUME_SPIKE_2X,3.28
179930.0,20250909,,,BREAKOUT_UP_20D,
183830.0,20250913,,72.77,RSI_OVERBOUGHT,
183830.0,20250913,,,VOLUME_SPIKE_2X,2.9
183830.0,20250913,,,BREAKOUT_UP_20D,
188440.0,20250914,,75.29,RSI_OVERBOUGHT,
188440.0,20250914,,,BREAKOUT_UP_20D,
187290.0,20250915,,73.47,RSI_OVERBOUGHT,
187290.0,20250915,,,VOLUME_SPIKE_2X,2.47
181770.0,20250916,,,GOLDEN_CROSS,
166780.0,20250921,,,VOLUME_SPIKE_2X,2.13
166780.0,20250921,-0.1707,,DRAWDOWN_15PCT_60D,
173130.0,20250923,,,VOLUME_SPIKE_2X,2.68
188940.0,20250929,,,BREAKOUT_UP_20D,
194250.0,20250930,,,VOLUME_SPIKE_2X,2.16
194250.0,20250930,,,BREAKOUT_UP_20D,
193680.0,20251001,,,VOLUME_SPIKE_2X,2.75
199490.0,20251004,,72.51,RSI_OVERBOUGHT,
199490.0,20251004,,,BREAKOUT_UP_20D,
205470.0,20251005,,75.44,RSI_OVERBOUGHT,
205470.0,20251005,,,BREAKOUT_UP_20D,
207600.0,20251006,,76.4,RSI_OVERBOUGHT,
207600.0,20251006,,,VOLUME_SPIKE_2X,3.16
207600.0,20251006,,,BREAKOUT_UP_20D,
209630.0,20251007,,77.31,RSI_OVERBOUGHT,
209630.0,20251007,,,VOLUME_SPIKE_2X,2.06
209630.0,20251007,,,BREAKOUT_UP_20D,
204630.0,20251008,,70.11,RSI_OVERBOUGHT,
208160.0,20251011,,72.09,RSI_OVERBOUGHT,
214130.0,20251012,,75.09,RSI_OVERBOUGHT,
214130.0,20251012,,,BREAKOUT_UP_20D,
219210.0,20251013,,77.32,RSI_OVERBOUGHT,
219210.0,20251013,,,VOLUME_SPIKE_2X,2.12
219210.0,20251013,,,BREAKOUT_UP_20D,
216770.0,20251014,,73.9,RSI_OVERBOUGHT,
217970.0,20251018,,70.7,RSI_OVERBOUGHT,
223430.0,20251019,,73.37,RSI_OVERBOUGHT,
223430.0,20251019,,,BREAKOUT_UP_20D,
222930.0,20251020,,72.72,RSI_OVERBOUGHT,
228630.0,20251021,,75.41,RSI_OVERBOUGHT,
228630.0,20251021,,,BREAKOUT_UP_20D,
234460.0,20251022,,77.82,RSI_OVERBOUGHT,
234460.0,20251022,,,BREAKOUT_UP_20D,
235070.0,20251025,,78.06,RSI_OVERBOUGHT,
235070.0,20251025,,,BREAKOUT_UP_20D,
238330.0,20251026,,79.36,RSI_OVERBOUGHT,
238330.0,20251026,,,BREAKOUT_UP_20D,
242850.0,20251027,,81.04,RSI_OVERBOUGHT,
242850.0,20251027,,,BREAKOUT_UP_20D,
247960.0,20251028,,82.74,RSI_OVERBOUGHT,
247960.0,20251028,,,BREAKOUT_UP_20D,
248490.0,20251029,,82.91,RSI_OVERBOUGHT,
248490.0,20251029,,,BREAKOUT_UP_20D,
249710.0,20251101,,83.32,RSI_OVERBOUGHT,
249710.0,20251101,,,BREAKOUT_UP_20D,
255660.0,20251102,,85.19,RSI_OVERBOUGHT,
255660.0,20251102,,,BREAKOUT_UP_20D,
262160.0,20251103,,86.92,RSI_OVERBOUGHT,
262160.0,20251103,,,BREAKOUT_UP_20D,
259860.0,20251104,,83.22,RSI_OVERBOUGHT,
256950.0,20251105,,78.66,RSI_OVERBOUGHT,
261360.0,20251108,,80.41,RSI_OVERBOUGHT,
254040.0,20251109,,70.13,RSI_OVERBOUGHT,
262410.0,20251122,,,BREAKOUT_UP_20D,
265910.0,20251123,,71.36,RSI_OVERBOUGHT,
265910.0,20251123,,,BREAKOUT_UP_20D,
268140.0,20251125,,72.53,RSI_OVERBOUGHT,
268140.0,20251125,,,BREAKOUT_UP_20D,
272650.0,20251208,,,BREAKOUT_UP_20D,
273590.0,20251209,,,BREAKOUT_UP_20D,
276840.0,20251213,,71.32,RSI_OVERBOUGHT,
276840.0,20251213,,,BREAKOUT_UP_20D,
280130.0,20251215,,70.89,RSI_OVERBOUGHT,
280130.0,20251215,,,BREAKOUT_UP_20D,
286520.0,20251216,,74.28,RSI_OVERBOUGHT,
286520.0,20251216,,,BREAKOUT_UP_20D,
289760.0,20251217,,75.81,RSI_OVERBOUGHT,
289760.0,20251217,,,BREAKOUT_UP_20D,
298340.0,20251220,,79.33,RSI_OVERBOUGHT,
298340.0,20251220,,,BREAKOUT_UP_20D,
301640.0,20251221,,80.5,RSI_OVERBOUGHT,
301640.0,20251221,,,BREAKOUT_UP_20D,
296740.0,20251222,,73.8,RSI_OVERBOUGHT,
297910.0,20251223,,74.35,RSI_OVERBOUGHT,
306170.0,20251224,,77.88,RSI_OVERBOUGHT,
306170.0,20251224,,,BREAKOUT_UP_20D,
314650.0,20251227,,80.79,RSI_OVERBOUGHT,
314650.0,20251227,,,BREAKOUT_UP_20D,
323220.0,20251228,,83.21,RSI_OVERBOUGHT,
323220.0,20251228,,,BREAKOUT_UP_20D,
317740.0,20251229,,76.58,RSI_OVERBOUGHT,
321140.0,20260104,,72.17,RSI_OVERBOUGHT,
330770.0,20260105,,75.52,RSI_OVERBOUGHT,
330770.0,20260105,,,BREAKOUT_UP_20D,
340690.0,20260106,,78.4,RSI_OVERBOUGHT,
340690.0,20260106,,,BREAKOUT_UP_20D,
350910.0,20260107,,80.9,RSI_OVERBOUGHT,
350910.0,20260107,,,BREAKOUT_UP_20D,
348470.0,20260110,,78.56,RSI_OVERBOUGHT,
348470.0,20260110,,,VOLUME_SPIKE_2X,2.69
357980.0,20260111,,80.88,RSI_OVERBOUGHT,
357980.0,20260111,,,BREAKOUT_UP_20D,
368710.0,20260112,,83.1,RSI_OVERBOUGHT,
368710.0,20260112,,,BREAKOUT_UP_20D,
372000.0,20260113,,83.72,RSI_OVERBOUGHT,
372000.0,20260113,,,BREAKOUT_UP_20D,
360840.0,20260114,,73.77,RSI_OVERBOUGHT,
371540.0,20260118,,76.64,RSI_OVERBOUGHT,
381560.0,20260119,,78.96,RSI_OVERBOUGHT,
381560.0,20260119,,,BREAKOUT_UP_20D,
384690.0,20260120,,79.64,RSI_OVERBOUGHT,
384690.0,20260120,,,BREAKOUT_UP_20D,
375020.0,20260121,,71.91,RSI_OVERBOUGHT,
322060.0,20260128,-0.1628,,DRAWDOWN_15PCT_60D,
313670.0,20260131,-0.1846,,DRAWDOWN_15PCT_60D,
306790.0,20260201,,,VOLUME_SPIKE_2X,2.26
306790.0,20260201,,,BREAKOUT_DOWN_20D,
306790.0,20260201,-0.2025,,DRAWDOWN_15PCT_60D,
315370.0,20260202,-0.1802,,DRAWDOWN_15PCT_60D,
310380.0,20260203,-0.1932,,DRAWDOWN_15PCT_60D,
319690.0,20260207,-0.169,,DRAWDOWN_15PCT_60D,
322560.0,20260208,-0.1615,,DRAWDOWN_15PCT_60D,
313010.0,20260209,-0.1863,,DRAWDOWN_15PCT_60D,
304010.0,20260210,,,BREAKOUT_DOWN_20D,
304010.0,20260210,-0.2097,,DRAWDOWN_15PCT_60D,
300440.0,20260214,,,BREAKOUT_DOWN_20D,
300440.0,20260214,-0.219,,DRAWDOWN_15PCT_60D,
291440.0,20260215,,,BREAKOUT_DOWN_20D,
291440.0,20260215,-0.2424,,DRAWDOWN_15PCT_60D,
284040.0,20260216,,,BREAKOUT_DOWN_20D,
284040.0,20260216,-0.2616,,DRAWDOWN_15PCT_60D,
286630.0,20260217,-0.2549,,DRAWDOWN_15PCT_60D,
280500.0,20260218,,,BREAKOUT_DOWN_20D,
280500.0,20260218,-0.2708,,DRAWDOWN_15PCT_60D,
272090.0,20260221,,,DEATH_CROSS,
272090.0,20260221,,29.33,RSI_OVERSOLD,
272090.0,20260221,,,BREAKOUT_DOWN_20D,
272090.0,20260221,-0.2927,,DRAWDOWN_15PCT_60D,
263928.0,20260222,,27.0,RSI_OVERSOLD,
263928.0,20260222,,,BREAKOUT_DOWN_20D,
263928.0,20260222,-0.3139,,DRAWDOWN_15PCT_60D,
264487.0,20260223,,27.43,RSI_OVERSOLD,
264487.0,20260223,-0.3125,,DRAWDOWN_15PCT_60D,
256664.0,20260224,,25.22,RSI_OVERSOLD,
256664.0,20260224,,,BREAKOUT_DOWN_20D,
256664.0,20260224,-0.3328,,DRAWDOWN_15PCT_60D,
257670.0,20260225,,26.04,RSI_OVERSOLD,
257670.0,20260225,-0.3302,,DRAWDOWN_15PCT_60D,
257670.0,20260228,,26.04,RSI_OVERSOLD,
257670.0,20260228,-0.3302,,DRAWDOWN_15PCT_60D,
257670.0,20260302,,26.04,RSI_OVERSOLD,
257670.0,20260302,-0.3302,,DRAWDOWN_15PCT_60D,
257670.0,20260303,,26.04,RSI_OVERSOLD,
257670.0,20260303,-0.3302,,DRAWDOWN_15PCT_60D,
257670.0,20260304,,26.04,RSI_OVERSOLD,
257670.0,20260304,-0.3302,,DRAWDOWN_15PCT_60D,
257670.0,20260307,,26.04,RSI_OVERSOLD,
257670.0,20260307,-0.3302,,DRAWDOWN_15PCT_60D,
257670.0,20260308,,26.04,RSI_OVERSOLD,
257670.0,20260308,-0.3302,,DRAWDOWN_15PCT_60D,
257670.0,20260309,,26.04,RSI_OVERSOLD,
257670.0,20260309,-0.3302,,DRAWDOWN_15PCT_60D,
257670.0,20260310,,26.04,RSI_OVERSOLD,
257670.0,20260310,-0.3302,,DRAWDOWN_15PCT_60D,
257670.0,20260314,,26.04,RSI_OVERSOLD,
257670.0,20260314,-0.3302,,DRAWDOWN_15PCT_60D,
257670.0,20260315,,26.04,RSI_OVERSOLD,
257670.0,20260315,-0.3302,,DRAWDOWN_15PCT_60D,
257670.0,20260316,,26.04,RSI_OVERSOLD,
257670.0,20260316,-0.3302,,DRAWDOWN_15PCT_60D,
257670.0,20260317,,26.04,RSI_OVERSOLD,
257670.0,20260317,-0.3302,,DRAWDOWN_15PCT_60D,
257670.0,20260318,,26.04,RSI_OVERSOLD,
257670.0,20260318,-0.3302,,DRAWDOWN_15PCT_60D,
257670.0,20260325,,26.04,RSI_OVERSOLD,
257670.0,20260325,-0.3302,,DRAWDOWN_15PCT_60D,
257670.0,20260328,,26.04,RSI_OVERSOLD,
257670.0,20260328,-0.3302,,DRAWDOWN_15PCT_60D,
257670.0,20260329,,26.04,RSI_OVERSOLD,
257670.0,20260329,-0.3302,,DRAWDOWN_15PCT_60D,
257670.0,20260330,,26.04,RSI_OVERSOLD,
257670.0,20260330,-0.3302,,DRAWDOWN_15PCT_60D,
257670.0,20260331,,26.04,RSI_OVERSOLD,
257670.0,20260331,-0.3302,,DRAWDOWN_15PCT_60D,
257670.0,20260404,,26.04,RSI_OVERSOLD,
257670.0,20260404,-0.3302,,DRAWDOWN_15PCT_60D,
257670.0,20260405,,26.04,RSI_OVERSOLD,
257670.0,20260405,-0.3302,,DRAWDOWN_15PCT_60D,
257670.0,20260406,,26.04,RSI_OVERSOLD,
257670.0,20260406,-0.3302,,DRAWDOWN_15PCT_60D,
257670.0,20260407,,26.04,RSI_OVERSOLD,
257670.0,20260407,-0.3302,,DRAWDOWN_15PCT_60D,
257670.0,20260408,,26.04,RSI_OVERSOLD,
257670.0,20260408,-0.3302,,DRAWDOWN_15PCT_60D,
257670.0,20260411,,26.04,RSI_OVERSOLD,
257670.0,20260411,-0.3302,,DRAWDOWN_15PCT_60D,
257670.0,20260412,,26.04,RSI_OVERSOLD,
257670.0,20260412,-0.3302,,DRAWDOWN_15PCT_60D,
257670.0,20260413,,26.04,RSI_OVERSOLD,
257670.0,20260413,-0.3302,,DRAWDOWN_15PCT_60D,
257670.0,20260415,,26.04,RSI_OVERSOLD,
257670.0,20260415,-0.3302,,DRAWDOWN_15PCT_60D,
257670.0,20260418,,26.04,RSI_OVERSOLD,
257670.0,20260418,-0.3302,,DRAWDOWN_15PCT_60D,
257670.0,20260419,,26.04,RSI_OVERSOLD,
257670.0,20260419,-0.3302,,DRAWDOWN_15PCT_60D,
257670.0,20260420,,26.04,RSI_OVERSOLD,
257670.0,20260420,-0.3302,,DRAWDOWN_15PCT_60D,
257670.0,20260421,,26.04,RSI_OVERSOLD,
257670.0,20260421,-0.3302,,DRAWDOWN_15PCT_60D,
257670.0,20260422,,26.04,RSI_OVERSOLD,
257670.0,20260422,-0.3302,,DRAWDOWN_15PCT_60D,
257670.0,20260425,,26.04,RSI_OVERSOLD,
257670.0,20260425,-0.3302,,DRAWDOWN_15PCT_60D,
257670.0,20260426,,26.04,RSI_OVERSOLD,
257670.0,20260426,-0.3302,,DRAWDOWN_15PCT_60D,
257670.0,20260427,,26.04,RSI_OVERSOLD,
257670.0,20260427,-0.3302,,DRAWDOWN_15PCT_60D,
257670.0,20260428,,26.04,RSI_OVERSOLD,
257670.0,20260428,-0.3129,,DRAWDOWN_15PCT_60D,
257670.0,20260429,,26.04,RSI_OVERSOLD,
257670.0,20260429,-0.2917,,DRAWDOWN_15PCT_60D,
257670.0,20260502,,26.04,RSI_OVERSOLD,
257670.0,20260502,-0.2698,,DRAWDOWN_15PCT_60D,
257670.0,20260503,,26.04,RSI_OVERSOLD,
257670.0,20260503,-0.2472,,DRAWDOWN_15PCT_60D,
257670.0,20260504,,26.04,RSI_OVERSOLD,
257670.0,20260504,-0.2239,,DRAWDOWN_15PCT_60D,
257670.0,20260505,,26.04,RSI_OVERSOLD,
257670.0,20260505,-0.2012,,DRAWDOWN_15PCT_60D,
257670.0,20260506,,26.04,RSI_OVERSOLD,
257670.0,20260506,-0.2012,,DRAWDOWN_15PCT_60D,
257670.0,20260509,,26.04,RSI_OVERSOLD,
257670.0,20260509,-0.2012,,DRAWDOWN_15PCT_60D,
257670.0,20260510,,26.04,RSI_OVERSOLD,
257670.0,20260510,-0.2012,,DRAWDOWN_15PCT_60D,
257670.0,20260511,,26.04,RSI_OVERSOLD,
257670.0,20260511,-0.2012,,DRAWDOWN_15PCT_60D,
257670.0,20260512,,26.04,RSI_OVERSOLD,
257670.0,20260512,-0.2012,,DRAWDOWN_15PCT_60D,
257670.0,20260513,,26.04,RSI_OVERSOLD,
257670.0,20260513,-0.2012,,DRAWDOWN_15PCT_60D,
257670.0,20260516,,,GOLDEN_CROSS,
257670.0,20260516,,26.04,RSI_OVERSOLD,
257670.0,20260516,-0.1768,,DRAWDOWN_15PCT_60D,
257670.0,20260517,,26.04,RSI_OVERSOLD,
257670.0,20260517,-0.1524,,DRAWDOWN_15PCT_60D,
257670.0,20260518,,26.04,RSI_OVERSOLD,
252711.0,20260519,,,DEATH_CROSS,
252711.0,20260519,,7.7,RSI_OVERSOLD,
252711.0,20260519,,,VOLUME_SPIKE_2X,20.0
252711.0,20260519,,,BREAKOUT_DOWN_20D,
258657.0,20260520,,,VOLUME_SPIKE_2X,10.25
258657.0,20260520,,,BREAKOUT_UP_20D,
266416.0,20260523,,,GOLDEN_CROSS,
266416.0,20260523,,71.05,RSI_OVERBOUGHT,
266416.0,20260523,,,BREAKOUT_UP_20D,
274408.0,20260524,,79.96,RSI_OVERBOUGHT,
274408.0,20260524,,,BREAKOUT_UP_20D,
282640.0,20260525,,85.06,RSI_OVERBOUGHT,
282640.0,20260525,,,BREAKOUT_UP_20D,
291119.0,20260526,,88.35,RSI_OVERBOUGHT,
291119.0,20260526,,,BREAKOUT_UP_20D,
299852.0,20260530,,90.64,RSI_OVERBOUGHT,
299852.0,20260530,,,BREAKOUT_UP_20D,
308847.0,20260531,,92.31,RSI_OVERBOUGHT,
308847.0,20260531,,,BREAKOUT_UP_20D,
318112.0,20260601,,93.58,RSI_OVERBOUGHT,
318112.0,20260601,,,BREAKOUT_UP_20D,
327655.0,20260602,,94.58,RSI_OVERBOUGHT,
327655.0,20260602,,,BREAKOUT_UP_20D,
337484.0,20260603,,95.37,RSI_OVERBOUGHT,
337484.0,20260603,,,BREAKOUT_UP_20D,
347608.0,20260606,,96.02,RSI_OVERBOUGHT,
347608.0,20260606,,,BREAKOUT_UP_20D,
358036.0,20260607,,96.56,RSI_OVERBOUGHT,
358036.0,20260607,,,BREAKOUT_UP_20D,
355082.0,20260608,,92.75,RSI_OVERBOUGHT,
355082.0,20260608,,,VOLUME_SPIKE_2X,9.06
365734.0,20260609,,93.71,RSI_OVERBOUGHT,
365734.0,20260609,,,BREAKOUT_UP_20D,
376706.0,20260610,,94.52,RSI_OVERBOUGHT,
376706.0,20260610,,,BREAKOUT_UP_20D,
388007.0,20260613,,95.2,RSI_OVERBOUGHT,
388007.0,20260613,,,BREAKOUT_UP_20D,
399647.0,20260614,,95.79,RSI_OVERBOUGHT,
399647.0,20260614,,,BREAKOUT_UP_20D,
411636.0,20260615,,96.29,RSI_OVERBOUGHT,
411636.0,20260615,,,BREAKOUT_UP_20D,
423985.0,20260616,,96.72,RSI_OVERBOUGHT,
423985.0,20260616,,,BREAKOUT_UP_20D,
436704.0,20260617,,97.09,RSI_OVERBOUGHT,
436704.0,20260617,,,BREAKOUT_UP_20D,
436704.0,20260620,,97.09,RSI_OVERBOUGHT,
436704.0,20260621,,97.09,RSI_OVERBOUGHT,
432574.0,20260622,,92.79,RSI_OVERBOUGHT,
432574.0,20260622,,,VOLUME_SPIKE_2X,4.53
445551.0,20260623,,93.73,RSI_OVERBOUGHT,
445551.0,20260623,,,BREAKOUT_UP_20D,
458917.0,20260627,,94.52,RSI_OVERBOUGHT,
458917.0,20260627,,,BREAKOUT_UP_20D,
471381.0,20260628,,95.14,RSI_OVERBOUGHT,
471381.0,20260628,,,VOLUME_SPIKE_2X,6.79
471381.0,20260628,,,BREAKOUT_UP_20D,
484348.0,20260629,,95.68,RSI_OVERBOUGHT,
484348.0,20260629,,,VOLUME_SPIKE_2X,2.17
484348.0,20260629,,,BREAKOUT_UP_20D,
498688.0,20260630,,96.19,RSI_OVERBOUGHT,
498688.0,20260630,,,BREAKOUT_UP_20D,
511200.0,20260701,,96.57,RSI_OVERBOUGHT,
511200.0,20260701,,,BREAKOUT_UP_20D,
526536.0,20260707,,96.97,RSI_OVERBOUGHT,
526536.0,20260707,,,BREAKOUT_UP_20D,
526782.0,20260708,,96.98,RSI_OVERBOUGHT,
526782.0,20260708,,,VOLUME_SPIKE_2X,2.04
526782.0,20260708,,,BREAKOUT_UP_20D,
526782.0,20260711,,96.98,RSI_OVERBOUGHT,
526782.0,20260712,,96.98,RSI_OVERBOUGHT,
510979.0,20260713,,83.55,RSI_OVERBOUGHT,
495650.0,20260714,,72.99,RSI_OVERBOUGHT,
450015.0,20260720,,,VOLUME_SPIKE_2X,4.52
470420.0,20260722,,,VOLUME_SPIKE_2X,2.98
533573.0,20260808,,,BREAKOUT_UP_20D,
523951.0,20260809,,,VOLUME_SPIKE_2X,2.13
521912.0,20260810,,,VOLUME_SPIKE_2X,2.61
536622.0,20260811,,,BREAKOUT_UP_20D,
